﻿Customer,Alejandra Camino
Customer,Alexander Feuer
Customer,Ana Trujillo
Customer,Anabela Domingues
Customer,André Fonseca
Customer,Ann Devon
Customer,Annette Roulet
Customer,Antonio Moreno
Customer,Aria Cruz
Customer,Art Braunschweiger
Customer,Bernardo Batista
Customer,Carine Schmitt
Customer,Carlos González
Customer,Carlos Hernández
Customer,Catherine Dewey
Customer,Christina Berglund
Customer,Daniel Tonini
Customer,Diego Roel
Customer,Dominique Perrier
Customer,Eduardo Saavedra
Customer,Elizabeth Brown
Customer,Elizabeth Lincoln
Customer,Felipe Izquierdo
Customer,Fran Wilson
Customer,Francisco Chang
Customer,Frédérique Citeaux
Customer,Georg Pipps
Customer,Giovanni Rovelli
Customer,Guillermo Fernández
Customer,Hanna Moos
Customer,Hari Kumar
Customer,Helen Bennett
Customer,Helvetius Nagy
Customer,Henriette Pfalzheim
Customer,Horst Kloss
Customer,Howard Snyder
Customer,Isabel de Castro
Customer,Jaime Yorres
Customer,Janete Limeira
Customer,Janine Labrune
Customer,Jean Fresnière
Customer,John Steel
Customer,Jonas Bergulfsen
Customer,Jose Pavarotti
Customer,José Pedro Freyre
Customer,Jytte Petersen
Customer,Karin Josephs
Customer,Karl Jablonski
Customer,Laurence Lebihan
Customer,Lino Rodriguez
Customer,Liu Wong
Customer,Liz Nixon
Customer,Lúcia Carvalho
Customer,Manuel Pereira
Customer,Maria Anders
Customer,Maria Larsson
Customer,Marie Bertrand
Customer,Mario Pontes
Customer,Martín Sommer
Customer,Martine Rancé
Customer,Mary Saveley
Customer,Matti Karttunen
Customer,Maurizio Moroni
Customer,Michael Holz
Customer,Miguel Angel Paolino
Customer,Palle Ibsen
Customer,Paolo Accorti
Customer,Pascale Cartrain
Customer,Patricia McKenna
Customer,Patricio Simpson
Customer,Paul Henriot
Customer,Paula Parente
Customer,Paula Wilson
Customer,Pedro Afonso
Customer,Peter Franken
Customer,Philip Cramer
Customer,Pirkko Koskitalo
Customer,Renate Messner
Customer,Rene Phillips
Customer,Rita Müller
Customer,Roland Mendel
Customer,Sergio Gutiérrez
Customer,Simon Crowther
Customer,Sven Ottlieb
Customer,Thomas Hardy
Customer,Victoria Ashworth
Customer,Yang Wang
Customer,Yoshi Latimer
Customer,Yoshi Tannamuri
Customer,Yvonne Moncada
Customer,Zbyszek Piestrzeniewicz
Supplier,Anne Heikkonen
Supplier,Antonio del Valle Saavedra
Supplier,Beate Vileid
Supplier,Carlos Diaz
Supplier,Chandra Leka
Supplier,Chantal Goulet
Supplier,Charlotte Cooper
Supplier,Cheryl Saylor
Supplier,Dirk Luchte
Supplier,Eliane Noz
Supplier,Elio Rossi
Supplier,Giovanni Giudici
Supplier,Guylène Nodier
Supplier,Ian Devling
Supplier,Jean-Guy Lauzon
Supplier,Lars Peterson
Supplier,Marie Delamare
Supplier,Martin Bein
Supplier,Mayumi Ohno
Supplier,Michael Björn
Supplier,Niels Petersen
Supplier,Peter Wilson
Supplier,Petra Winkler
Supplier,Regina Murphy
Supplier,Robb Merchant
Supplier,Shelley Burke
Supplier,Sven Petersen
Supplier,Wendy Mackenzie
Supplier,Yoshi Nagase
