first_name,last_name
Adam,Richardson
Alice,Miller
Alice,Bennett
Alice,Shaw
Andrew,Moreno
Angela,Duncan
Anne,Porter
Annie,Greene
Annie,Kennedy
Benjamin,Bowman
Benjamin,Duncan
Bonnie,Willis
Brandon,Greene
Brian,George
Brian,Bowman
Bruce,Phillips
Carl,Sanders
Carolyn,Mills
Catherine,Peters
Christina,Gibson
Christine,Reyes
Craig,Turner
Deborah,Hanson
Debra,Hughes
Debra,Garrett
Dennis,Harper
Donald,Black
Donald,Greene
Donna,Daniels
Donna,Carr
Doris,Cruz
Doris,Lane
Doris,Hunter
Douglas,Freeman
Earl,Russell
Emily,Gutierrez
Eugene,Flores
Gloria,Reynolds
Harold,Patterson
Heather,Little
Henry,Kim
Jacqueline,Stanley
Jacqueline,Evans
James,Morrison
Jason,Cole
Jason,West
Jeffrey,Martinez
Jennifer,Garrett
Jennifer,Thomas
Jerry,Watkins
Jimmy,Carr
Jose,Carroll
Joshua,Green
Judy,Black
Julie,Bell
Justin,Olson
Karen,Kelley
Keith,Knight
Kimberly,Black
Laura,Brown
Lawrence,Hill
Lawrence,Hart
Linda,Matthews
Linda,Bowman
Mark,Williams
Martha,Cruz
Michael,Turner
Michelle,Baker
Michelle,Carr
Nancy,Murphy
Nicholas,Peters
Norma,Willis
Patricia,Cooper
Paula,Bishop
Peter,Nelson
Phillip,James
Raymond,Romero
Robin,Gardner
Robin,Ryan
Rose,Williams
Roy,Arnold
Sandra,Ferguson
Sara,Morales
Sarah,Johnston
Stephanie,Gomez
Stephen,Hughes
Stephen,Wagner
Steven,Foster
Susan,Pierce
Tammy,Nichols
Teresa,Sullivan
Terry,Stanley
Wayne,Ryan
